Target ,Clone ,TotalSeq A#,Barcode,
CD117,104D2,61,AGACTAATAGCTGAC,
CD119,GIR-208,219,TGTGTATTCCCTTGT,
CD140A,16A1,128,ATGCGCCGAGAATTA,
CD140B,18A2,129,CAATGGTTCACTGCC,
CD172a,15-414,408,CGTGTTTAACTTGAG,
CD184,12G5,366,TCAGGTCCTTTCAAC,
CD202B,33.1,588,CGATCCCTTACCTAT,
CD274,29.E2.A3,7,GTTGTCCGACAATAC,
CD279,EH12.2H7,88,ACAGCGCCGTATTTA,
CD29,TS2/16,369,GTATTCCCTCAGTCA,
CD309,7D4-6,362,TTCACGCAGTAAGAT,
CD44,BJ18,125,AATCCTTCCGAATGT,
CD47,CC2C6,26,GCATTCTGTCACCTA,
CD49f,goH3,70,TTCCGAGGATGATCT,
CD58,TS2/9,174,GTTCCTATGGACGAC,
CD59,p282(H19),361,AATTAGCCGTCGAGA,
CD61,VI-PL2,372,AGGTTGGAGTAGACT,
CD9,HI9a,579,GAGTCACCAATCTGC,
HLA-ABC,W6/32,58,TATGCGAGGCTTATC,
HLA-E,3D12,918,GAGTCGAGAAATCAT,
Mouse IgG1 isotype Ctrl,MOPC-21,90,GCCGGACGACATTAA,
Mouse IgG2a isotype Ctrl,MOPC-173,91,CTCCTACCTAAACTG,
Mouse IgG2b Isotype Ctrl,MPC-11,92,ATATGTATCACGCGA,
Rat IgG2a Isotype Ctrl,RTK2758,238,AAGTCAGGTTCGTTT,