DNA_ID,Clone,Description,Barcode,RRID (Biolegend Catalogue Number)
C0005,2D10,0005 anti-human CD80,ACGAATCAATCTGTG,AB_2800783 (BioLegend Cat. No. 305243)
C0006,IT2.2,0006 anti-human CD86,GTCTTTGTCAGTGCA,AB_2800786 (BioLegend Cat. No. 305447)
C0007,29E.2A3,"0007 anti-human CD274 (B7-H1, PD-L1)",GTTGTCCGACAATAC,AB_2800860 (BioLegend Cat. No. 329751)
C0008,24F.10C12,"0008 anti-human CD273  (B7-DC, PD-L2)",TCAACGCTTGGCTAG,AB_2800858 (BioLegend Cat. No. 329621)
C0009,2D3,"0009 anti-human CD275 (B7-H2, ICOSL)",GTGCATTCAACAGTA,n/a
C0014,M1/70,0014 anti-mouse/human CD11b,TGAAGGCTCATTTGT,n/a
C0021,11C3.1,0021 anti-human CD252 (OX40L),TTTAGTGATCCGACT,n/a
C0022,5F4,0022 anti-human CD137L (4-1BB Ligand),ATTCGCCTTACGCAA,AB_2819941 (BioLegend Cat. No. 311519)
C0023,SKII.4,0023 anti-human CD155 (PVR),ATCACATCGTTGCCA,AB_2814233 (BioLegend Cat. No. 337635)
C0024,TX31,0024 anti-human CD112 (Nectin-2),AACCTTCCGTCTAAG,AB_2810520 (BioLegend Cat. No. 337419)
C0026,CC2C6,0026 anti-human CD47,GCATTCTGTCACCTA,AB_2810482 (BioLegend Cat. No. 323131)
C0027,113-16,0027 anti-human CD70,CGCGAACATAAGAAG,AB_2800955 (BioLegend Cat. No. 355119)
C0028,BY88,0028 anti-human CD30,TCAGGGTGTGCTGTA,AB_2800883 (BioLegend Cat. No. 333919)
C0031,5C3,0031 anti-human CD40,CTCAGATGGAGTATG,AB_2800886 (BioLegend Cat. No. 334348)
C0032,24-31,0032 anti-human CD154,GCTAGATAGATGCAA,AB_2800808 (BioLegend Cat. No. 310849)
C0033,HI186,0033 anti-human CD52,CTTTGTACGAGCAAA,AB_2800836 (BioLegend Cat. No. 316021)
C0034,UCHT1,0034 anti-human CD3,CTCATTGTAACTCCT,AB_2800723 (BioLegend Cat. No. 300479)
C0046,SK1,0046 anti-human CD8,GCGCAACTTGATGAT,AB_2800922 (BioLegend Cat. No. 344753)
C0047,5.1H11,0047 anti-human CD56 (NCAM),TCCTTTCCTGATAGG,AB_2801002 (BioLegend Cat. No. 362559)
C0050,HIB19,0050 anti-human CD19,CTGGGCAATTACTCG,AB_2800741 (BioLegend Cat. No. 302265)
C0052,P67.6,0052 anti-human CD33,TAACTCAGGGCCTAT,AB_2801008 (BioLegend Cat. No. 366633)
C0053,S-HCL-3,0053 anti-human CD11c,TACGCCTATAACTTG,AB_2801018 (BioLegend Cat. No. 371521)
C0054,581,0054 anti-human CD34,GCAGAAATCTCCCTT,n/a
C0056,19F2,0056 anti-human CD269 (BCMA),CAGATGATCCACCAT,AB_2810568 (BioLegend Cat. No. 357523)
C0058,W6/32,"0058 anti-human HLA-A,B,C",TATGCGAGGCTTATC,AB_2800816 (BioLegend Cat. No. 311449)
C0060,5E+10,0060 anti-human CD90 (Thy1),GCATTGTACGATTCA,n/a
C0061,104D2,0061 anti-human CD117 (c-kit),AGACTAATAGCTGAC,AB_2810474 (BioLegend Cat. No. 313243)
C0062,HI10a,0062 anti-human CD10,CAGCCATTCATTAGG,AB_2800817 (BioLegend Cat. No. 312233)
C0063,HI100,0063 anti-human CD45RA,TCAATCCTTCCGCTT,AB_2800764 (BioLegend Cat. No. 304163)
C0064,6H6,0064 anti-human CD123,CTTCACTCTGTCAGG,AB_2800789 (BioLegend Cat. No. 306045)
C0066,CD7-6B7,0066 anti-human CD7,TGGATTCCCGGACTT,AB_2800914 (BioLegend Cat. No. 343127)
C0070,GoH3,0070 anti-human/mouse CD49f,TTCCGAGGATGATCT,AB_2800825 (BioLegend Cat. No. 313635)
C0071,L291H4,0071 anti-human CD194 (CCR4),AGCTTACCTGCACGA,AB_2800988 (BioLegend Cat. No. 359425)
C0072,RPA-T4,0072 anti-human CD4,TGTTCCCGCTCAACT,AB_2800725 (BioLegend Cat. No. 300567)
C0073,IM7,0073 anti-mouse/human CD44,TGGCTTCAGGTCCTA,AB_2813930 (BioLegend Cat. No. 103063)
C0081,M5E2,0081 anti-human CD14,TCTCAGACCTCCGTA,AB_2800736 (BioLegend Cat. No. 301859)
C0083,3G8,0083 anti-human CD16,AAGTTCACTCTTTGC,AB_2800738 (BioLegend Cat. No. 302065)
C0085,BC96,0085 anti-human CD25,TTTGTCCTGTACGCC,n/a
C0087,UCHL1,0087 anti-human CD45RO,CTCCGAATCATGTTG,AB_2800766 (BioLegend Cat. No. 304259)
C0088,EH12.2H7,0088 anti-human CD279 (PD-1),ACAGCGCCGTATTTA,AB_2800862 (BioLegend Cat. No. 329963)
C0089,A15153G,0089 anti-human TIGIT (VSTM3),TTGCTTACCGCCAGA,AB_2801021 (BioLegend Cat. No. 372729)
C0090,MOPC-21,"0090 Mouse IgG1, kappa isotype Ctrl",GCCGGACGACATTAA,n/a
C0091,MOPC-173,"0091 Mouse IgG2a, kappa isotype Ctrl",CTCCTACCTAAACTG,n/a
C0092,MPC-11,"0092 Mouse IgG2b, kappa isotype Ctrl",ATATGTATCACGCGA,n/a
C0095,RTK4530,"0095 Rat IgG2b, kappa Isotype Ctrl",GATTCTTGACGACCT,n/a
C0100,2H7,0100 anti-human CD20,TTCTGGGTCCCTAGA,AB_2800743 (BioLegend Cat. No. 302363)
C0101,9E+02,0101 anti-human CD335 (NKp46),ACAATTTGAACAGCG,AB_2800874 (BioLegend Cat. No. 331941)
C0102,BM16,0102 anti-human CD294 (CRTH2),TGTTTACGAGAGCCC,AB_2814279 (BioLegend Cat. No. 350131)
C0123,9C4,0123 anti-human CD326 (Ep-CAM),TTCCGAGCAAGTATC,AB_2814181 (BioLegend Cat. No. 324247)
C0124,WM59,0124 anti-human CD31,ACCTTTATGCCACGG,AB_2800757 (BioLegend Cat. No. 303139)
C0127,NC-08,0127 anti-Human Podoplanin,GGTTACTCGTTGTGT,AB_2800895 (BioLegend Cat. No. 337031)
C0134,P1H12,0134 anti-human CD146,CCTTGGATAACATCA,AB_2820019 (BioLegend Cat. No. 361033)
C0135,67A4,0135 anti-human CD324 (E-Cadherin),ATCCTTCTCCCTTTC,AB_2832636 (BioLegend Cat. No. 324127)
C0136,MHM-88,0136 anti-human IgM,TAGCGAGCCCGTATA,AB_2800835 (BioLegend Cat. No. 314547)
C0138,UCHT2,0138 anti-human CD5,CATTAACGGGATGCC,AB_2800726 (BioLegend Cat. No. 300637)
C0139,B1,0139 anti-human TCR gamma/delta,CTTCCGATTCATTCA,AB_2814199 (BioLegend Cat. No. 331231)
C0140,G025H7,0140 anti-human CD183 (CXCR3),GCGATGGTAGATTAT,AB_2800949 (BioLegend Cat. No. 353747)
C0141,J418F1,0141 anti-human CD195 (CCR5),CCAAAGTAAGAGCCA,AB_2810570 (BioLegend Cat. No. 359137)
C0142,FUN-2,0142 anti-human CD32,GCTTCCGAATTACCG,AB_2814129 (BioLegend Cat. No. 303225)
C0143,G034E3,0143 anti-human CD196 (CCR6),GATCCCTTTGTCACT,AB_2810563 (BioLegend Cat. No. 353440)
C0144,J252D4,0144 anti-human CD185 (CXCR5),AATTCAACCGTCGCC,AB_2800968 (BioLegend Cat. No. 356939)
C0145,Ber-ACT8,0145 anti-human CD103 (Integrin αE),GACCTCATTGTGAAT,AB_2800933 (BioLegend Cat. No. 350233)
C0146,FN50,0146 anti-human CD69,GTCTCTTGGCTTAAA,AB_2800810 (BioLegend Cat. No. 310951)
C0147,DREG-56,0147 anti-human CD62L,GTCCCTGCAACTTGA,AB_2800770 (BioLegend Cat. No. 304851)
C0148,G043H7,0148 anti-human CD197 (CCR7),AGTTCAGTCAACCGA,AB_2800943 (BioLegend Cat. No. 353251)
C0149,HP-3G10,0149 anti-human CD161,GTACGCAGTCCTTCT,AB_2810532 (BioLegend Cat. No. 339947)
C0151,BNI3,0151 anti-human CD152 (CTLA-4),ATGGTTCACGTAATC,AB_2801015 (BioLegend Cat. No. 369621)
C0152,11C3C65,0152 anti-human CD223 (LAG-3),CATTTGTCTGCCGGT,AB_2814327 (BioLegend Cat. No. 369335)
C0153,SA231A2,0153 anti-human KLRG1 (MAFA),CTTATTTCCTGCCCT,n/a
C0154,O323,0154 anti-human CD27,GCACTCCTGCATGTA,AB_2800747 (BioLegend Cat. No. 302853)
C0155,H4A3,0155 anti-human CD107a (LAMP-1),CAGCCCACTGCAATA,AB_2800854 (BioLegend Cat. No. 328649)
C0156,DX2,0156 anti-human CD95 (Fas),CCAGCTCATTAGAGC,AB_2800787 (BioLegend Cat. No. 305651)
C0159,L243,0159 anti-human HLA-DR,AATAGCGAGCAAGTA,AB_2800795 (BioLegend Cat. No. 307663)
C0160,L161,0160 anti-human CD1c,GAGCTACTTCACTCG,AB_2800871 (BioLegend Cat. No. 331547)
C0162,10.1,0162 anti-human CD64,AAGTATGCCCTACGA,AB_2800781 (BioLegend Cat. No. 305045)
C0163,M80,0163 anti-human CD141 (Thrombomodulin),GGATAACCGCGCTTT,AB_2810541 (BioLegend Cat. No. 344125)
C0164,51.1,0164 anti-human CD1d,TCGAGTCGCTTATCA,AB_2800934 (BioLegend Cat. No. 350319)
C0165,1D11,0165 anti-human CD314 (NKG2D),CGTGTTTGTTCCTCA,AB_2800844 (BioLegend Cat. No. 320837)
C0166,6/40c,0166 anti-human CD66b,AGCTGTAAGTTTCGG,AB_2801027 (BioLegend Cat. No. 392909)
C0167,E11,0167 anti-human CD35,ACTTCCGTCGATCTT,AB_2800876 (BioLegend Cat. No. 333409)
C0168,QA17A04,0168 anti-human CD57 Recombinant,AACTCCCTATGGAGG,AB_2801030 (BioLegend Cat. No. 393321)
C0169,F38-2E2,0169 anti-human CD366 (Tim-3),TGTCCTACCCAACTT,AB_2800925 (BioLegend Cat. No. 345049)
C0170,MIH26,0170 anti-human CD272 (BTLA),GTTATTGGACTAAGG,AB_2800919 (BioLegend Cat. No. 344527)
C0171,C398.4A,0171 anti-human/mouse/rat CD278 (ICOS),CGCGCACCCATTAAA,AB_2800823 (BioLegend Cat. No. 313553)
C0174,TS2/9,0174 anti-human CD58 (LFA-3),GTTCCTATGGACGAC,AB_2810506 (BioLegend Cat. No. 330921)
C0175,NK92.39,0175 anti-human CD96 (TACTILE),TGGCCTATAAATGGT,AB_2810531 (BioLegend Cat. No. 338423)
C0176,A1,0176 anti-human CD39,TTACCTGGTATCCGT,AB_2800853 (BioLegend Cat. No. 328237)
C0177,-NOK 1.00,0177 anti-human CD178 (Fas-L),CCGGTCCTCTGTATT,n/a
C0179,K0124E1,0179 anti-human CX3CR1,AGTATCGTCTCTGGG,AB_2800960 (BioLegend Cat. No. 355705)
C0180,ML5,0180 anti-human CD24,AGATTCCTTCGTGTT,AB_2800813 (BioLegend Cat. No. 311143)
C0181,Bu32,0181 anti-human CD21,AACCTAGTAGTTCGG,AB_2800953 (BioLegend Cat. No. 354923)
C0185,TS2/4,0185 anti-human CD11a,TATATCCTTGTGAGC,AB_2800935 (BioLegend Cat. No. 350617)
C0186,HP6123,0186 anti-human IgA,AAGATGTCCGAGCAA,
C0187,CB3-1,0187 anti-human CD79b (IgBeta),ATTCTTCAACCGAAG,AB_2800905 (BioLegend Cat. No. 341417)
C0188,ASL-32,0188 anti-human CD66a/c/e,GGGACAGTTCGTTTC,AB_2810538 (BioLegend Cat. No. 342325)
C0189,C1.7,0189 anti-human CD244 (2B4),TCGCTTGGATGGTAG,AB_2800857 (BioLegend Cat. No. 329529)
C0196,HIR2,0196 anti-human CD235ab,GCTCCTTTACACGTA,AB_2800792 (BioLegend Cat. No. 306625)
C0205,15-2,0205 anti-human CD206 (MMR),TCAGAACGTCTAACT,AB_2814178 (BioLegend Cat. No. 321147)
C0206,7-239,"0206 anti-human CD169 (Sialoadhesin, Siglec-1)",TACTCAGCGTGTTTG,AB_2810551 (BioLegend Cat. No. 346021)
C0207,8F9,0207 anti-human CD370 (CLEC9A/DNGR1),CTGCATTTCAGTAAG,AB_2819998 (BioLegend Cat. No. 353809)
C0208,S15046E,0208 anti-human XCR1,AAGACGCATGTCAAC,AB_2814335 (BioLegend Cat. No. 372617)
C0214,FIB504,0214 anti-human/mouse integrin β7,TCCTTGGATGTACCG,AB_2810481 (BioLegend Cat. No. 321229)
C0215,11C1,0215 anti-human CD268 (BAFF-R),CGAAGTCGATCCGTA,AB_2814172 (BioLegend Cat. No. 316927)
C0217,HA58,0217 anti-human CD54,CTGATAGACTTGAGT,AB_2810562 (BioLegend Cat. No. 353127)
C0218,AK4,0218 anti-human CD62P (P-Selectin),CCTTCCGTATCCCTT,AB_2832593 (BioLegend Cat. No. 304945)
C0224,IP26,0224 anti-human TCR alpha/beta,CGTAACGTAGAGCGA,AB_2800793 (BioLegend Cat. No. 306743)
C0245,STA,0245 anti-human CD106,TCACAGTTCCTTGGA,AB_2832599 (BioLegend Cat. No. 305819)
C0246,TU27,0246 anti-human CD122 (IL-2Rbeta),TCATTTCCTCCGATT,AB_2814240 (BioLegend Cat. No. 339021)
C0247,1A1,0247 anti-human CD267 (TACI),AGTGATGGAGCGAAC,AB_2832615 (BioLegend Cat. No. 311915)
C0352,AER-37 (CRA-1),0352 anti-human FcεRIα,CTCGTTTCCGTATCG,AB_2800889 (BioLegend Cat. No. 334645)
C0353,HIP8,0353 anti-human CD41,ACGTTGTGGCCTTGT,AB_2814134 (BioLegend Cat. No. 303739)
C0355,4B4-1,0355 anti-human CD137 (4-1BB),CAGTAAGTTCGGGAC,AB_2800807 (BioLegend Cat. No. 309839)
C0356,MIH24,"0356 anti-human CD254 (TRANCE, RANKL)",TCCGTGTTAGTTTGT,AB_2810552 (BioLegend Cat. No. 347511)
C0358,GHI/61,0358 anti-human CD163,GCTTCTCCTTCCTTA,AB_2810510 (BioLegend Cat. No. 333637)
C0359,HB15e,0359 anti-human CD83,CCACTCATTTCCGGT,AB_2810457 (BioLegend Cat. No. 305341)
C0360,108-17,0360 anti-human CD357 (GITR),ACCTTTCGACACTCG,AB_2810583 (BioLegend Cat. No. 371227)
C0362,7D4-6,0362 anti-human CD309 (VEGFR2),TTCACGCAGTAAGAT,n/a
C0363,G077F6,0363 anti-human CD124 (IL-4Ralpha),CCGTCCTGATAGATG,AB_2800954 (BioLegend Cat. No. 355011)
C0366,12G5,0366 anti-human CD184 (CXCR4),TCAGGTCCTTTCAAC,AB_2800791 (BioLegend Cat. No. 306533)
C0367,TS1/8,0367 anti-human CD2,TACGATTTGTCAGGG,AB_2810464 (BioLegend Cat. No. 309231)
C0368,11A8,0368 anti-human CD226 (DNAM-1),TCTCAGTGTTTGTGG,AB_2810478 (BioLegend Cat. No. 315607)
C0369,TS2/16,0369 anti-human CD29,GTATTCCCTCAGTCA,AB_2800756 (BioLegend Cat. No. 303029)
C0370,201A,0370 anti-human CD303 (BDCA-2),GAGATGTCCGAATTT,AB_2814295 (BioLegend Cat. No. 354241)
C0371,P1E6-C5,0371 anti-human CD49b,GCTTTCTTCAGTATG,AB_2832710 (BioLegend Cat. No. 359317)
C0373,5A6,0373 anti-human CD81 (TAPA-1),GTATCCTTCCTTGGC,AB_2800931 (BioLegend Cat. No. 349523)
C0374,MEM-108,0374 anti-human CD98,GCACCAACAGCCATT,AB_2810478 (BioLegend Cat. No. 315607)
C0375,M1310G05,0375 anti-human IgG Fc,CTGGAGCGATTAGAA,AB_2801087 (BioLegend Cat. No. 410727)
C0384,IA6-2,0384 anti-human IgD,CAGTCTCCGTAGAGT,AB_2810553 (BioLegend Cat. No. 348245)
C0385,TS1/18,0385 anti-human CD18,TATTGGGACACTTCT,AB_2800739 (BioLegend Cat. No. 302129)
C0386,CD28.2,0386 anti-human CD28,TGAGAACGACCCTAA,AB_2800751 (BioLegend Cat. No. 302963)
C0387,1D3,0387 anti-human TSLPR (TSLP-R),CAGTCCTCTCTGTCA,AB_2814180 (BioLegend Cat. No. 322909)
C0389,HIT2,0389 anti-human CD38,TGTACCCGCTTGTGA,AB_2800758 (BioLegend Cat. No. 303543)
C0390,A019D5,0390 anti-human CD127 (IL-7Ralpha),GTGTGTTGTCCTATG,AB_2800937 (BioLegend Cat. No. 351356)
C0391,HI30,0391 anti-human CD45,TGCAATTACCCGGAT,AB_2800762 (BioLegend Cat. No. 304068)
C0392,W6D3,0392 anti-human CD15 (SSEA-1),TCACCAGTACCTAGT,n/a
C0393,S-HCL-1,0393 anti-human CD22,GGGTTGTTGTCTTTG,AB_2801006 (BioLegend Cat. No. 363516)
C0394,CY1G4,0394 anti-human CD71,CCGTGTTCCTCATTA,AB_2800885 (BioLegend Cat. No. 334125)
C0395,MIH43,0395 anti-human B7-H4,TGTATGTCTGCCTTG,AB_2800986 (BioLegend Cat. No. 358116)
C0396,BA5b,0396 anti-human CD26,GGTGGCTAGATAATG,AB_2810435 (BioLegend Cat. No. 302722)
C0397,5E+08,0397 anti-human CD193 (CCR3),ACCAATCCTTTCGTC,n/a
C0399,7C9C20,0399 anti-human CD204,TAGCGAGCCAGATGT,n/a
C0400,BV9,0400 anti-human CD144 (VE-Cadherin),TCCACTCATTCTGTA,AB_2832677 (BioLegend Cat. No. 348521)
C0402,HI149,0402 anti-human CD1a,GATCGTGTTGTGTTA,AB_2814107 (BioLegend Cat. No. 300135)
C0406,12C2,0406 anti-human CD304 (Neuropilin-1),GGACTAAGTTTCGTT,AB_2814296 (BioLegend Cat. No. 354527)
C0407,5-271,0407 anti-human CD36,TTCTTTGCCTTGCCA,AB_2800893 (BioLegend Cat. No. 336227)
C0420,HP-MA4,0420 anti-human CD158 (KIR2DL1/S1/S3/S5),TATCAACCAACGCTT,AB_2814252 (BioLegend Cat. No. 339517)
C0437,4C7,0437 anti-mouse/human CD207,CGATTTGTATTCCCT,AB_2832523 (BioLegend Cat. No. 144207)
C0576,9F10,0576 anti-human CD49d,CCATTCAACTTCCGG,AB_2814137 (BioLegend Cat. No. 304345)
C0577,AD2,0577 anti-human CD73 (Ecto-5'-nucleotidase),CAGTTCCTCAGTTCG,AB_2800916 (BioLegend Cat. No. 344031)
C0581,3C10,0581 anti-human TCR Vα7.2,TACGAGCAGTATTCA,AB_2810556 (BioLegend Cat. No. 351735)
C0582,B6,0582 anti-human TCR Vdelta2,TCAGTCAGATGGTAT,AB_2800864 (BioLegend Cat. No. 331435)
C0583,B3,0583 anti-human TCR Vgamma9,AAGTGATGGTATCTG,AB_2814203 (BioLegend Cat. No. 331313)
C0584,6B11,0584 anti-human TCR Valpha24-Jalpha18 (iNKT cell),AACTTCTGTGGTAGC,AB_2810539 (BioLegend Cat. No. 342925)
C0590,NKTA255,0590 anti-human CD305 (LAIR1),ATTTCCATTCCCTGT,AB_2832668 (BioLegend Cat. No. 342807)
C0591,15C4,0591 anti-human LOX-1,ACCCTTTACCGAATA,AB_2832709 (BioLegend Cat. No. 358613)
C0592,DX27,"0592 anti-human CD158b (KIR2DL2/L3,  NKAT2)",GACCCGTAGTTTGAT,AB_2819944 (BioLegend Cat. No. 312619)
C0594,S16016B,0594 anti-human CD133,GTAAGACGCCTATGC,n/a
C0597,9E9A8,0597 anti-human CD209 (DC-SIGN),TCACTGGACACTTAA,AB_2819958 (BioLegend Cat. No. 330121)
C0599,DX9,"0599 anti-human CD158e1 (KIR3DL1, NKB1)",GGACGCTTTCCTTGA,AB_2814161 (BioLegend Cat. No. 312725)
C0600,UP-R1,0600 anti-human CD158f (KIR2DL5),AAAGTGATGCCACTG,AB_2810533 (BioLegend Cat. No. 341309)
C0801,P30-15,0801 anti-human CD337 (NKp30),AAAGTCACTCTGCCG,AB_2800851 (BioLegend Cat. No. 325219)
C0802,P44-8,0802 anti-human CD336 (NKp44),GGGCAATTAGCGAGT,AB_2810484 (BioLegend Cat. No. 325119)
C0828,413D12,0828 anti-human CD307d (FcRL4),CGATTTGATCTGCCT,AB_2832666 (BioLegend Cat. No. 340213)
C0829,509f6,0829 anti-human CD307e (FcRL5),TCACGCAGTCCTCAA,AB_2819969 (BioLegend Cat. No. 340309)
C0830,162.1,0830 anti-human CD319 (CRACC),AGTATGCCATGTCTT,AB_2810507 (BioLegend Cat. No. 331823)
C0831,DL-101,0831 anti-human CD138 (Syndecan-1),GTATAGACCAAAGCC,n/a
C0845,3B2/TA8,0845 anti-human CD99,ACCCGTCCCTAAGAA,AB_2820032 (BioLegend Cat. No. 371321)
C0853,50C1,0853 anti-human CLEC12A,CATTAGAGTCTGCCA,AB_2814292 (BioLegend Cat. No. 353615)
C0856,M7004D06,0856 anti-Tau Phospho (Thr181),CTCGTTTGTAGCAAT,AB_2832723 (BioLegend Cat. No. 366513)
C0863,1D6,"0863 anti-human CD257 (BAFF, BLYS)",CAGAGCACCCATTAA,AB_2832624 (BioLegend Cat. No. 317213)
C0867,DX22,0867 anti-human CD94,CTTTCCGGTCCTACA,AB_2814143 (BioLegend Cat. No. 305523)
C0870,A12 (7D4),0870 anti-human CD150 (SLAM),GTCATTGTATGTCTG,AB_2832603 (BioLegend Cat. No. 306315)
C0894,MHK-49,0894 anti-human Ig light chain kappa,AGCTCAGCCAGTATG,AB_2814169 (BioLegend Cat. No. 316533)
C0895,M3/38,0895 anti-mouse/human Mac-2 (Galectin-3),GATGCAATTAGCCGG,AB_2819851 (BioLegend Cat. No. 125423)
C0896,GHI/75,0896 anti-human CD85j (ILT2),CCTTGTGAGGCTATG,AB_2814226 (BioLegend Cat. No. 333725)
C0897,EBVCS-5,0897 anti-human CD23,TCTGTATAACCGTCT,AB_2814236 (BioLegend Cat. No. 338525)
C0898,MHL-38,0898 anti-human Ig light chain lambda,CAGCCAGTAAGTCAC,AB_2814171 (BioLegend Cat. No. 316629)
C0899,BB7.2,0899 anti-human HLA-A2,GAACATTTCCGACAA,n/a
C0901,7B11,0901 anti-human GARP (LRRC32),AGGTATGGTAGAGTA,AB_2819994 (BioLegend Cat. No. 352517)
C0902,6-434,0902 anti-human CD328 (Siglec-7),CTTAGCATTTCACTG,AB_2814249 (BioLegend Cat. No. 339213)
C0908,H131,0908 anti-human TCR Vbeta13.1,TTATGGACGTATGGT,AB_2820020 (BioLegend Cat. No. 362411)
C0920,ASL-24,0920 anti-human CD82,TCCCACTTCCGCTTT,AB_2814257 (BioLegend Cat. No. 342115)
C0944,BB27,0944 anti-human CD101 (BB27),CTACTTCCCTGTCAA,AB_2832651 (BioLegend Cat. No. 331017)
C0985,4B2.9,0985 anti-human CD360 (IL-21R),GAGGATGATGCCATG,n/a
C1046,S5/1,1046 anti-human CD88 (C5aR),GCCGCATGAGAAACA,AB_2832672 (BioLegend Cat. No. 344319)
C1047,3D11/HLA-F,1047 anti-human HLA-F,GCAACTCTCCTACCT,n/a
C1048,8F10B51,1048 anti-human NLRP2,ACGCTTGTGTTAGTT,n/a
C1051,mAb 84,1051 anti-human Podocalyxin,GAGCCGGTATAATGC,AB_2832734 (BioLegend Cat. No. 374305)
C1052,KF29,1052 anti-human CD224,CTGATGAGATGTCAG,AB_2820039 (BioLegend Cat. No. 394307)
C1055,12.1,1055 anti-c-Met,GCTGCTGCGATTTGA,n/a
C1056,T5-39,1056 anti-human CD258 (LIGHT),ACTTCCCTGTAGAAA,AB_2832625 (BioLegend Cat. No. 318711)
C1057,JD3,1057 anti-human DR3 (TRAMP),GAGTTCCCTCAGTTC,AB_2832605 (BioLegend Cat. No. 307107)