Antigen,Universal,Vendor,Study,TotalSeq_Cat,TEMP,Cat_Number,Oligo_ID,Clone,Barcode_Sequence
c-Met,FALSE,BioLegend,Nettersheim_2022,C,c-Met,NA,NA,NA,NA
B7-H4,FALSE,BioLegend,Nettersheim_2022,C,B7-H4,358116,0395,MIH43,TGTATGTCTGCCTTG
CD10,FALSE,BioLegend,Nettersheim_2022,C,CD10,312233,0062,HI10a,CAGCCATTCATTAGG
CD101,TRUE,BioLegend,Nettersheim_2022,C,CD101,331017,0944,BB27,CTACTTCCCTGTCAA
CD103,TRUE,BioLegend,Nettersheim_2022,C,CD103,350233,0145,Ber-ACT8,GACCTCATTGTGAAT
CD106,FALSE,BioLegend,Nettersheim_2022,C,CD106,305819,0245,STA,TCACAGTTCCTTGGA
CD107a,TRUE,BioLegend,Nettersheim_2022,C,CD107a,328649,0155,H4A3,CAGCCCACTGCAATA
CD112,TRUE,BioLegend,Nettersheim_2022,C,CD112,337419,0024,TX31,AACCTTCCGTCTAAG
CD117,FALSE,BioLegend,Nettersheim_2022,C,CD117,313243,0061,104D2,AGACTAATAGCTGAC
CD11a,TRUE,BioLegend,Nettersheim_2022,C,CD11a,350617,0185,TS2/4,TATATCCTTGTGAGC
CD11b,TRUE,BioLegend,Nettersheim_2022,C,CD11b,301359,0161,ICRF44,GACAAGTGATCTGCA
CD11c,TRUE,BioLegend,Nettersheim_2022,C,CD11c,371521,0053,S-HCL-3,TACGCCTATAACTTG
CD122,TRUE,BioLegend,Nettersheim_2022,C,CD122,339021,0246,TU27,TCATTTCCTCCGATT
CD123,TRUE,BioLegend,Nettersheim_2022,C,CD123,306045,0064,6H6,CTTCACTCTGTCAGG
CD124,TRUE,BioLegend,Nettersheim_2022,C,CD124,355011,0363,G077F6,CCGTCCTGATAGATG
CD127,TRUE,BioLegend,Nettersheim_2022,C,CD127,351356,0390,A019D5,GTGTGTTGTCCTATG
CD133,FALSE,BioLegend,Nettersheim_2022,C,CD133,NA,NA,NA,NA
CD137,FALSE,BioLegend,Nettersheim_2022,C,CD137,309839,0355,4B4-1,CAGTAAGTTCGGGAC
CD137L,TRUE,BioLegend,Nettersheim_2022,C,CD137L,311519,0022,5F4,ATTCGCCTTACGCAA
CD138,FALSE,BioLegend,Nettersheim_2022,C,CD138,NA,NA,NA,NA
CD14,TRUE,BioLegend,Nettersheim_2022,C,CD14,301859,0081,M5E2,TCTCAGACCTCCGTA
CD141,TRUE,BioLegend,Nettersheim_2022,C,CD141,344125,0163,M80,GGATAACCGCGCTTT
CD144,FALSE,BioLegend,Nettersheim_2022,C,CD144,348521,0400,BV9,TCCACTCATTCTGTA
CD146,TRUE,BioLegend,Nettersheim_2022,C,CD146,361033,0134,P1H12,CCTTGGATAACATCA
CD15,FALSE,BioLegend,Nettersheim_2022,C,CD15,NA,NA,NA,NA
CD150,FALSE,BioLegend,Nettersheim_2022,C,CD150,306315,0870,A12 (7D4),GTCATTGTATGTCTG
CD152,TRUE,BioLegend,Nettersheim_2022,C,CD152,369621,0151,BNI3,ATGGTTCACGTAATC
CD154,TRUE,BioLegend,Nettersheim_2022,C,CD154,310849,0032,24-31,GCTAGATAGATGCAA
CD155,TRUE,BioLegend,Nettersheim_2022,C,CD155,337635,0023,SKII.4,ATCACATCGTTGCCA
CD158,TRUE,BioLegend,Nettersheim_2022,C,CD158,339517,0420,HP-MA4,TATCAACCAACGCTT
CD158b,TRUE,BioLegend,Nettersheim_2022,C,CD158b,312619,0592,DX27,GACCCGTAGTTTGAT
CD158e1,TRUE,BioLegend,Nettersheim_2022,C,CD158e1,312725,0599,DX9,GGACGCTTTCCTTGA
CD158f,FALSE,BioLegend,Nettersheim_2022,C,CD158f,341309,0600,UP-R1,AAAGTGATGCCACTG
CD16,TRUE,BioLegend,Nettersheim_2022,C,CD16,302065,0083,3G8,AAGTTCACTCTTTGC
CD161,TRUE,BioLegend,Nettersheim_2022,C,CD161,339947,0149,HP-3G10,GTACGCAGTCCTTCT
CD163,TRUE,BioLegend,Nettersheim_2022,C,CD163,333637,0358,GHI/61,GCTTCTCCTTCCTTA
CD169,TRUE,BioLegend,Nettersheim_2022,C,CD169,346021,0206,7-239,TACTCAGCGTGTTTG
CD178,FALSE,BioLegend,Nettersheim_2022,C,CD178,306419,0177,NOK-1,CCGGTCCTCTGTATT
CD18,TRUE,BioLegend,Nettersheim_2022,C,CD18,302129,0385,TS1/18,TATTGGGACACTTCT
CD183,TRUE,BioLegend,Nettersheim_2022,C,CD183,353747,0140,G025H7,GCGATGGTAGATTAT
CD184,FALSE,BioLegend,Nettersheim_2022,C,CD184,306533,0366,12G5,TCAGGTCCTTTCAAC
CD185,TRUE,BioLegend,Nettersheim_2022,C,CD185,356939,0144,J252D4,AATTCAACCGTCGCC
CD19,TRUE,BioLegend,Nettersheim_2022,C,CD19,302265,0050,HIB19,CTGGGCAATTACTCG
CD193,FALSE,BioLegend,Nettersheim_2022,C,CD193,310733,0397,5E8,ACCAATCCTTTCGTC
CD194,TRUE,BioLegend,Nettersheim_2022,C,CD194,359425,0071,L291H4,AGCTTACCTGCACGA
CD195,TRUE,BioLegend,Nettersheim_2022,C,CD195,359137,0141,J418F1,CCAAAGTAAGAGCCA
CD196,TRUE,BioLegend,Nettersheim_2022,C,CD196,353440,0143,G034E3,GATCCCTTTGTCACT
CD197,FALSE,BioLegend,Nettersheim_2022,C,CD197,353251,0148,G043H7,AGTTCAGTCAACCGA
CD1a,FALSE,BioLegend,Nettersheim_2022,C,CD1a,300135,0402,HI149,GATCGTGTTGTGTTA
CD1c,TRUE,BioLegend,Nettersheim_2022,C,CD1c,331547,0160,L161,GAGCTACTTCACTCG
CD1d,TRUE,BioLegend,Nettersheim_2022,C,CD1d,350319,0164,51.1,TCGAGTCGCTTATCA
CD2,TRUE,BioLegend,Nettersheim_2022,C,CD2,309231,0367,TS1/8,TACGATTTGTCAGGG
CD20,TRUE,BioLegend,Nettersheim_2022,C,CD20,302363,0100,2H7,TTCTGGGTCCCTAGA
CD204,FALSE,BioLegend,Nettersheim_2022,C,CD204,371911,0399,7C9C20,TAGCGAGCCAGATGT
CD206,FALSE,BioLegend,Nettersheim_2022,C,CD206,321147,0205,15-2,TCAGAACGTCTAACT
CD207,FALSE,BioLegend,Nettersheim_2022,C,CD207,NA,NA,NA,NA
CD209,FALSE,BioLegend,Nettersheim_2022,C,CD209,330121,0597,9E9A8,TCACTGGACACTTAA
CD21,TRUE,BioLegend,Nettersheim_2022,C,CD21,354923,0181,Bu32,AACCTAGTAGTTCGG
CD22,TRUE,BioLegend,Nettersheim_2022,C,CD22,363516,0393,S-HCL-1,GGGTTGTTGTCTTTG
CD223,TRUE,BioLegend,Nettersheim_2022,C,CD223,369335,0152,11C3C65,CATTTGTCTGCCGGT
CD224,TRUE,BioLegend,Nettersheim_2022,C,CD224,394307,1052,KF29,CTGATGAGATGTCAG
CD226,TRUE,BioLegend,Nettersheim_2022,C,CD226,338337,0368,11A8,TCTCAGTGTTTGTGG
CD23,TRUE,BioLegend,Nettersheim_2022,C,CD23,338525,0897,EBVCS-5,TCTGTATAACCGTCT
CD235ab,FALSE,BioLegend,Nettersheim_2022,C,CD235ab,306625,0196,HIR2,GCTCCTTTACACGTA
CD24,TRUE,BioLegend,Nettersheim_2022,C,CD24,311143,0180,ML5,AGATTCCTTCGTGTT
CD244,TRUE,BioLegend,Nettersheim_2022,C,CD244,329529,0189,C1.7,TCGCTTGGATGGTAG
CD25,TRUE,BioLegend,Nettersheim_2022,C,CD25,302649,0085,BC96,TTTGTCCTGTACGCC
CD252,FALSE,BioLegend,Nettersheim_2022,C,CD252,NA,NA,NA,NA
CD254,FALSE,BioLegend,Nettersheim_2022,C,CD254,347511,0356,MIH24,TCCGTGTTAGTTTGT
CD257,FALSE,BioLegend,Nettersheim_2022,C,CD257,366513,0863,1D6,CAGAGCACCCATTAA
CD258,FALSE,BioLegend,Nettersheim_2022,C,CD258,318711,1056,T5-39,ACTTCCCTGTAGAAA
CD26,TRUE,BioLegend,Nettersheim_2022,C,CD26,302722,0396,BA5b,GGTGGCTAGATAATG
CD267,TRUE,BioLegend,Nettersheim_2022,C,CD267,311915,0247,1A1,AGTGATGGAGCGAAC
CD268,TRUE,BioLegend,Nettersheim_2022,C,CD268,316927,0215,11C1,CGAAGTCGATCCGTA
CD269,FALSE,BioLegend,Nettersheim_2022,C,CD269,357523,0056,19F2,CAGATGATCCACCAT
CD27,TRUE,BioLegend,Nettersheim_2022,C,CD27,302853,0154,O323,GCACTCCTGCATGTA
CD272,TRUE,BioLegend,Nettersheim_2022,C,CD272,344527,0170,MIH26,GTTATTGGACTAAGG
CD273,FALSE,BioLegend,Nettersheim_2022,C,CD273,329621,0008,24F.10C12,TCAACGCTTGGCTAG
CD274,TRUE,BioLegend,Nettersheim_2022,C,CD274,329751,0007,29E.2A3,GTTGTCCGACAATAC
CD275,FALSE,BioLegend,Nettersheim_2022,C,CD275,309419,0009,2D3,GTGCATTCAACAGTA
CD278,TRUE,BioLegend,Nettersheim_2022,C,CD278,313553,0171,C398.4A,CGCGCACCCATTAAA
CD279,TRUE,BioLegend,Nettersheim_2022,C,CD279,329963,0088,EH12.2H7,ACAGCGCCGTATTTA
CD28,TRUE,BioLegend,Nettersheim_2022,C,CD28,302963,0386,CD28.2,TGAGAACGACCCTAA
CD29,TRUE,BioLegend,Nettersheim_2022,C,CD29,303029,0369,TS2/16,GTATTCCCTCAGTCA
CD294,FALSE,BioLegend,Nettersheim_2022,C,CD294,350131,0102,BM16,TGTTTACGAGAGCCC
CD3,TRUE,BioLegend,Nettersheim_2022,C,CD3,300479,0034,UCHT1,CTCATTGTAACTCCT
CD30,FALSE,BioLegend,Nettersheim_2022,C,CD30,333919,0028,BY88,TCAGGGTGTGCTGTA
CD303,TRUE,BioLegend,Nettersheim_2022,C,CD303,354241,0370,201A,GAGATGTCCGAATTT
CD304,FALSE,BioLegend,Nettersheim_2022,C,CD304,354527,0406,12C2,GGACTAAGTTTCGTT
CD305,FALSE,BioLegend,Nettersheim_2022,C,CD305,342807,0590,NKTA255,ATTTCCATTCCCTGT
CD307d,FALSE,BioLegend,Nettersheim_2022,C,CD307d,340213,0828,413D12,CGATTTGATCTGCCT
CD307e,FALSE,BioLegend,Nettersheim_2022,C,CD307e,340309,0829,509f6,TCACGCAGTCCTCAA
CD309,FALSE,BioLegend,Nettersheim_2022,C,CD309,359921,0362,7D4-6,TTCACGCAGTAAGAT
CD31,TRUE,BioLegend,Nettersheim_2022,C,CD31,303139,0124,WM59,ACCTTTATGCCACGG
CD314,TRUE,BioLegend,Nettersheim_2022,C,CD314,320837,0165,1D11,CGTGTTTGTTCCTCA
CD319,TRUE,BioLegend,Nettersheim_2022,C,CD319,331823,0830,162.1,AGTATGCCATGTCTT
CD32,TRUE,BioLegend,Nettersheim_2022,C,CD32,303225,0142,FUN-2,GCTTCCGAATTACCG
CD324,FALSE,BioLegend,Nettersheim_2022,C,CD324,324127,0135,67A4,ATCCTTCTCCCTTTC
CD326,FALSE,BioLegend,Nettersheim_2022,C,CD326,324247,0123,9C4,TTCCGAGCAAGTATC
CD328,TRUE,BioLegend,Nettersheim_2022,C,CD328,339213,0902,6-434,CTTAGCATTTCACTG
CD33,TRUE,BioLegend,Nettersheim_2022,C,CD33,366633,0052,P67.6,TAACTCAGGGCCTAT
CD335,TRUE,BioLegend,Nettersheim_2022,C,CD335,331941,0101,9E2,ACAATTTGAACAGCG
CD336,FALSE,BioLegend,Nettersheim_2022,C,CD336,325119,0802,P44-8,GGGCAATTAGCGAGT
CD337,FALSE,BioLegend,Nettersheim_2022,C,CD337,325219,0801,P30-15,AAAGTCACTCTGCCG
CD34,FALSE,BioLegend,Nettersheim_2022,C,CD34,343541,0054,581,GCAGAAATCTCCCTT
CD35,TRUE,BioLegend,Nettersheim_2022,C,CD35,333409,0167,E11,ACTTCCGTCGATCTT
CD357,FALSE,BioLegend,Nettersheim_2022,C,CD357,371227,0360,108-17,ACCTTTCGACACTCG
CD36,TRUE,BioLegend,Nettersheim_2022,C,CD36,336227,0407,5-271,TTCTTTGCCTTGCCA
CD360,FALSE,BioLegend,Nettersheim_2022,C,CD360,359515,0985,17A12,GAGGATGATGCCATG
CD366,FALSE,BioLegend,Nettersheim_2022,C,CD366,345049,0169,F38-2E2,TGTCCTACCCAACTT
CD370,FALSE,BioLegend,Nettersheim_2022,C,CD370,353809,0207,8F9,CTGCATTTCAGTAAG
CD38,TRUE,BioLegend,Nettersheim_2022,C,CD38,303543,0389,HIT2,TGTACCCGCTTGTGA
CD39,TRUE,BioLegend,Nettersheim_2022,C,CD39,328237,0176,A1,TTACCTGGTATCCGT
CD4,TRUE,BioLegend,Nettersheim_2022,C,CD4,300567,0072,RPA-T4,TGTTCCCGCTCAACT
CD40,TRUE,BioLegend,Nettersheim_2022,C,CD40,334348,0031,5C3,CTCAGATGGAGTATG
CD41,TRUE,BioLegend,Nettersheim_2022,C,CD41,303739,0353,HIP8,ACGTTGTGGCCTTGT
CD44,TRUE,BioLegend,Nettersheim_2022,C,CD44,103063,0073,IM7,TGGCTTCAGGTCCTA
CD45,TRUE,BioLegend,Nettersheim_2022,C,CD45,304068,0391,HI30,TGCAATTACCCGGAT
CD45RA,TRUE,BioLegend,Nettersheim_2022,C,CD45RA,304163,0063,HI100,TCAATCCTTCCGCTT
CD45RO,TRUE,BioLegend,Nettersheim_2022,C,CD45RO,304259,0087,UCHL1,CTCCGAATCATGTTG
CD47,TRUE,BioLegend,Nettersheim_2022,C,CD47,323131,0026,CC2C6,GCATTCTGTCACCTA
CD49b,TRUE,BioLegend,Nettersheim_2022,C,CD49b,359317,0371,P1E6-C5,GCTTTCTTCAGTATG
CD49d,TRUE,BioLegend,Nettersheim_2022,C,CD49d,304345,0576,9F10,CCATTCAACTTCCGG
CD49f,TRUE,BioLegend,Nettersheim_2022,C,CD49f,313635,0070,GoH3,TTCCGAGGATGATCT
CD5,TRUE,BioLegend,Nettersheim_2022,C,CD5,300637,0138,UCHT2,CATTAACGGGATGCC
CD52,TRUE,BioLegend,Nettersheim_2022,C,CD52,316021,0033,HI186,CTTTGTACGAGCAAA
CD54,TRUE,BioLegend,Nettersheim_2022,C,CD54,353127,0217,HA58,CTGATAGACTTGAGT
CD56,TRUE,BioLegend,Nettersheim_2022,C,CD56,362559,0047,5.1H11,TCCTTTCCTGATAGG
CD57,TRUE,BioLegend,Nettersheim_2022,C,CD57,393321,0168,QA17A04,AACTCCCTATGGAGG
CD58,TRUE,BioLegend,Nettersheim_2022,C,CD58,330921,0174,TS2/9,GTTCCTATGGACGAC
CD62L,TRUE,BioLegend,Nettersheim_2022,C,CD62L,304851,0147,DREG-56,GTCCCTGCAACTTGA
CD62P,TRUE,BioLegend,Nettersheim_2022,C,CD62P,304945,0218,AK4,CCTTCCGTATCCCTT
CD64,TRUE,BioLegend,Nettersheim_2022,C,CD64,305045,0162,10.1,AAGTATGCCCTACGA
CD66a-c-e,FALSE,BioLegend,Nettersheim_2022,C,CD66a/c/e,342325,0188,ASL-32,GGGACAGTTCGTTTC
CD66b,FALSE,BioLegend,Nettersheim_2022,C,CD66b,392909,0166,6/40c,AGCTGTAAGTTTCGG
CD69,TRUE,BioLegend,Nettersheim_2022,C,CD69,310951,0146,FN50,GTCTCTTGGCTTAAA
CD7,TRUE,BioLegend,Nettersheim_2022,C,CD7,343127,0066,CD7-6B7,TGGATTCCCGGACTT
CD70,FALSE,BioLegend,Nettersheim_2022,C,CD70,355119,0027,113-16,CGCGAACATAAGAAG
CD71,TRUE,BioLegend,Nettersheim_2022,C,CD71,334125,0394,CY1G4,CCGTGTTCCTCATTA
CD73,TRUE,BioLegend,Nettersheim_2022,C,CD73,344031,0577,AD2,CAGTTCCTCAGTTCG
CD79b,TRUE,BioLegend,Nettersheim_2022,C,CD79b,341417,0187,CB3-1,ATTCTTCAACCGAAG
CD8,TRUE,BioLegend,Nettersheim_2022,C,CD8a,344753,0046,SK1,GCGCAACTTGATGAT
CD80,FALSE,BioLegend,Nettersheim_2022,C,CD80,305243,0005,2D10,ACGAATCAATCTGTG
CD81,TRUE,BioLegend,Nettersheim_2022,C,CD81,349523,0373,5A6,GTATCCTTCCTTGGC
CD82,TRUE,BioLegend,Nettersheim_2022,C,CD82,342115,0920,ASL-24,TCCCACTTCCGCTTT
CD83,TRUE,BioLegend,Nettersheim_2022,C,CD83,305341,0359,HB15e,CCACTCATTTCCGGT
CD85j,TRUE,BioLegend,Nettersheim_2022,C,CD85j,333725,0896,GHI/75,CCTTGTGAGGCTATG
CD86,TRUE,BioLegend,Nettersheim_2022,C,CD86,305447,0006,IT2.2,GTCTTTGTCAGTGCA
CD88,TRUE,BioLegend,Nettersheim_2022,C,CD88,344319,1046,S5/1,GCCGCATGAGAAACA
CD90,FALSE,BioLegend,Nettersheim_2022,C,CD90,328145,0060,5E10,GCATTGTACGATTCA
CD94,TRUE,BioLegend,Nettersheim_2022,C,CD94,305523,0867,DX22,CTTTCCGGTCCTACA
CD95,TRUE,BioLegend,Nettersheim_2022,C,CD95,305651,0156,DX2,CCAGCTCATTAGAGC
CD96,FALSE,BioLegend,Nettersheim_2022,C,CD96,338423,0175,NK92.39,TGGCCTATAAATGGT
CD98,FALSE,BioLegend,Nettersheim_2022,C,CD98,315607,0374,MEM-108,GCACCAACAGCCATT
CD99,TRUE,BioLegend,Nettersheim_2022,C,CD99,371321,0845,3B2/TA8,ACCCGTCCCTAAGAA
CLEC12A,TRUE,BioLegend,Nettersheim_2022,C,CD371,353615,0853,50C1,CATTAGAGTCTGCCA
CX3CR1,TRUE,BioLegend,Nettersheim_2022,C,CX3CR1,355705,0179,K0124E1,AGTATCGTCTCTGGG
DR3,FALSE,BioLegend,Nettersheim_2022,C,DR3,307107,1057,JD3,GAGTTCCCTCAGTTC
FceRIa,TRUE,BioLegend,Nettersheim_2022,C,FceRIa,334645,0352,AER-37 (CRA-1),CTCGTTTCCGTATCG
GARP,FALSE,BioLegend,Nettersheim_2022,C,GARP,352517,0901,7B11,AGGTATGGTAGAGTA
HLA-A-B-C,TRUE,BioLegend,Nettersheim_2022,C,"HLA-A,B,C",311449,0058,W6/32,TATGCGAGGCTTATC
HLA-A2,FALSE,BioLegend,Nettersheim_2022,C,HLA-A2,343337,0899,BB7.2,GAACATTTCCGACAA
HLA-DR,TRUE,BioLegend,Nettersheim_2022,C,HLA-DR,307663,0159,L243,AATAGCGAGCAAGTA
HLA-F,FALSE,BioLegend,Nettersheim_2022,C,HLA-F,373209,1047,3D11/HLA-F,GCAACTCTCCTACCT
Ig light chain k,TRUE,BioLegend,Nettersheim_2022,C,Ig light chain k,316533,0894,MHK-49,AGCTCAGCCAGTATG
Ig light chain l,TRUE,BioLegend,Nettersheim_2022,C,Ig light chain l,316629,0898,MHL-38,CAGCCAGTAAGTCAC
IgA,FALSE,BioLegend,Nettersheim_2022,C,IgA,NA,NA,NA,NA
IgD,TRUE,BioLegend,Nettersheim_2022,C,IgD,348245,0384,IA6-2,CAGTCTCCGTAGAGT
IgG Fc,FALSE,BioLegend,Nettersheim_2022,C,IgG FC,410727,0375,M1310G05,CTGGAGCGATTAGAA
IgM,TRUE,BioLegend,Nettersheim_2022,C,IgM,314547,0136,MHM-88,TAGCGAGCCCGTATA
integrin B7,TRUE,BioLegend,Nettersheim_2022,C,Integrin b7,321229,0214,FIB504,TCCTTGGATGTACCG
KLRG1,TRUE,BioLegend,Nettersheim_2022,C,KLRG1,367737,0153,SA231A2,CTTATTTCCTGCCCT
LOX,TRUE,BioLegend,Nettersheim_2022,C,LOX-1,358613,0591,15C4,ACCCTTTACCGAATA
Mac 2,FALSE,BioLegend,Nettersheim_2022,C,Mac-2,125423,0895,M3/38,GATGCAATTAGCCGG
NLRP2,FALSE,BioLegend,Nettersheim_2022,C,NLRP2,NA,NA,NA,NA
Podocalyxin,FALSE,BioLegend,Nettersheim_2022,C,Podocalyxin,374305,1051,mAb 84,GAGCCGGTATAATGC
Podoplanin,FALSE,BioLegend,Nettersheim_2022,C,Podoplanin,337031,0127,NC-08,GGTTACTCGTTGTGT
TCR Va24-Ja18,FALSE,BioLegend,Nettersheim_2022,C,TCR Va24-Ja18,342925,0584,6B11,AACTTCTGTGGTAGC
TCR Va7-2,TRUE,BioLegend,Nettersheim_2022,C,TCR Va7.2,351735,0581,3C10,TACGAGCAGTATTCA
TCR Va7-2,TRUE,BioLegend,Nettersheim_2022,C,TCR Va7.2,351735,0581,3C10,TACGAGCAGTATTCA
TCR Vb13,FALSE,BioLegend,Nettersheim_2022,C,TCR Vb13.1,362411,0908,H131,TTATGGACGTATGGT
TCR Vd2,TRUE,BioLegend,Nettersheim_2022,C,TCR Vd2,331435,0582,B6,TCAGTCAGATGGTAT
TCR Vg9,FALSE,BioLegend,Nettersheim_2022,C,TCR Vg9,331313,0583,B3,AAGTGATGGTATCTG
TCRab,TRUE,BioLegend,Nettersheim_2022,C,TCR a/b,306743,0224,IP26,CGTAACGTAGAGCGA
TCRgd,FALSE,BioLegend,Nettersheim_2022,C,TCR g/d,331231,0139,B1,CTTCCGATTCATTCA
Thr181,FALSE,BioLegend,Nettersheim_2022,C,Thr181,NA,NA,NA,NA
TIGIT,TRUE,BioLegend,Nettersheim_2022,C,TIGIT,372729,0089,A15153G,TTGCTTACCGCCAGA
TSLPR,FALSE,BioLegend,Nettersheim_2022,C,TSLPR,322909,0387,1D3,CAGTCCTCTCTGTCA
XCR1,FALSE,BioLegend,Nettersheim_2022,C,XCR1,372617,0208,S15046E,AAGACGCATGTCAAC
Mouse IgG1 isotype control,TRUE,BioLegend,Nettersheim_2022,C,Mouse IgG1 isotype control,400187,0090,MOPC-21,GCCGGACGACATTAA
Mouse IgG2a isotype control,TRUE,BioLegend,Nettersheim_2022,C,Mouse IgG2a isotype control,400293,0091,MOPC-173,CTCCTACCTAAACTG
Mouse IgG2b isotype control,TRUE,BioLegend,Nettersheim_2022,C,Mouse IgG2b isotype control,400381,0092,MPC-11,ATATGTATCACGCGA
Rat IgG2b Isotype control,TRUE,BioLegend,Nettersheim_2022,C,Rat IgG2b Isotype control,400677,0095,RTK4530,GATTCTTGACGACCT
