Marker	Clone	microgram_per_test_1x	Category	Barcode	BarcodeSequence	Ref	Vendor
Mouse IgG2b, kappa isotype Ctrl	MPC-11	1	TotalSeq-A	0092	ATATGTATCACGCGA	400373	BioLegend
Mouse IgG1, kappa isotype Ctrl	MOPC-21	1	TotalSeq-A	0090	GCCGGACGACATTAA	400199	BioLegend
Mouse IgG2a, kappa isotype Ctrl	MOPC-173	1	TotalSeq-A	0091	CTCCTACCTAAACTG	400285	BioLegend
CD19	HIB19	0.125	TotalSeq-A	0050	CTGGGCAATTACTCG	302259	BioLegend
CD3	UCHT1	0.25	TotalSeq-A	0034	CTCATTGTAACTCCT	300475	BioLegend
CD16	3G8	0.5	TotalSeq-A	0083	AAGTTCACTCTTTGC	302061	BioLegend
CD4	RPA-T4	0.125	TotalSeq-A	0072	TGTTCCCGCTCAACT	300563	BioLegend
CD8	SK1	0.25	TotalSeq-A	0046	GCGCAACTTGATGAT	344751	BioLegend
CD14	63D3	1	TotalSeq-A	0051	CAATCAGACCTATGA	367131	BioLegend
CD45	2D1	0.125	TotalSeq-A	0048	TCCCTTGCGATTTAC	368543	BioLegend
CD45RA	HI100	0.1	TotalSeq-A	0063	TCAATCCTTCCGCTT	304157	BioLegend
CD62L	DREG-56	0.13	TotalSeq-A	0147	GTCCCTGCAACTTGA	304847	BioLegend
