Antibody,Clone,Barcode
anti-human CD80,2D10,ACGAATCAATCTGTG
anti-human CD86,IT2.2,GTCTTTGTCAGTGCA
"anti-human CD274 (B7-H1, PD-L1)",29E.2A3,GTTGTCCGACAATAC
"anti-human CD273  (B7-DC, PD-L2)",24F.10C12,TCAACGCTTGGCTAG
"anti-human CD275 (B7-H2, ICOSL)",2D3,GTGCATTCAACAGTA
anti-mouse/human CD11b,M1/70,TGAAGGCTCATTTGT
anti-human CD252 (OX40L),11C3.1,TTTAGTGATCCGACT
anti-human CD137L (4-1BB Ligand),5F4,ATTCGCCTTACGCAA
anti-human CD155 (PVR),SKII.4,ATCACATCGTTGCCA
anti-human CD112 (Nectin-2),TX31,AACCTTCCGTCTAAG
anti-human CD47,CC2C6,GCATTCTGTCACCTA
anti-human CD70,113-16,CGCGAACATAAGAAG
anti-human CD30,BY88,TCAGGGTGTGCTGTA
anti-human CD40,5C3,CTCAGATGGAGTATG
anti-human CD154,24-31,GCTAGATAGATGCAA
anti-human CD52,HI186,CTTTGTACGAGCAAA
anti-human CD3,UCHT1,CTCATTGTAACTCCT
anti-human CD8,SK1,GCGCAACTTGATGAT
anti-human CD56 (NCAM),5.1H11,TCCTTTCCTGATAGG
anti-human CD19,HIB19,CTGGGCAATTACTCG
anti-human CD33,P67.6,TAACTCAGGGCCTAT
anti-human CD11c,S-HCL-3,TACGCCTATAACTTG
anti-human CD34,581,GCAGAAATCTCCCTT
anti-human CD269 (BCMA),19F2,CAGATGATCCACCAT
"anti-human HLA-A,B,C",W6/32,TATGCGAGGCTTATC
anti-human CD90 (Thy1),5E10,GCATTGTACGATTCA
anti-human CD117 (c-kit),104D2,AGACTAATAGCTGAC
anti-human CD10,HI10a,CAGCCATTCATTAGG
anti-human CD45RA,HI100,TCAATCCTTCCGCTT
anti-human CD123,6H6,CTTCACTCTGTCAGG
anti-human CD7,CD7-6B7,TGGATTCCCGGACTT
anti-human/mouse CD49f,GoH3,TTCCGAGGATGATCT
anti-human CD194 (CCR4),L291H4,AGCTTACCTGCACGA
anti-human CD4,RPA-T4,TGTTCCCGCTCAACT
anti-mouse/human CD44,IM7,TGGCTTCAGGTCCTA
anti-human CD14,M5E2,TCTCAGACCTCCGTA
anti-human CD16,3G8,AAGTTCACTCTTTGC
anti-human CD25,BC96,TTTGTCCTGTACGCC
anti-human CD45RO,UCHL1,CTCCGAATCATGTTG
anti-human CD279 (PD-1),EH12.2H7,ACAGCGCCGTATTTA
anti-human TIGIT (VSTM3),A15153G,TTGCTTACCGCCAGA
anti-human CD20,2H7,TTCTGGGTCCCTAGA
anti-human CD335 (NKp46),9E2,ACAATTTGAACAGCG
anti-human CD294 (CRTH2),BM16,TGTTTACGAGAGCCC
anti-human CD326 (Ep-CAM),9C4,TTCCGAGCAAGTATC
anti-human CD31,WM59,ACCTTTATGCCACGG
anti-Human Podoplanin,NC-08,GGTTACTCGTTGTGT
anti-human CD146,P1H12,CCTTGGATAACATCA
anti-human CD324 (E-Cadherin),67A4,ATCCTTCTCCCTTTC
anti-human IgM,MHM-88,TAGCGAGCCCGTATA
anti-human CD5,UCHT2,CATTAACGGGATGCC
anti-human TCR γ/δ,B1,CTTCCGATTCATTCA
anti-human CD183 (CXCR3),G025H7,GCGATGGTAGATTAT
anti-human CD195 (CCR5),J418F1,CCAAAGTAAGAGCCA
anti-human CD32,FUN-2,GCTTCCGAATTACCG
anti-human CD196 (CCR6),G034E3,GATCCCTTTGTCACT
anti-human CD185 (CXCR5),J252D4,AATTCAACCGTCGCC
anti-human CD103 (Integrin αE),Ber-ACT8,GACCTCATTGTGAAT
anti-human CD69,FN50,GTCTCTTGGCTTAAA
anti-human CD62L,DREG-56,GTCCCTGCAACTTGA
anti-human CD197 (CCR7),G043H7,AGTTCAGTCAACCGA
anti-human CD161,HP-3G10,GTACGCAGTCCTTCT
anti-human CD152 (CTLA-4),BNI3,ATGGTTCACGTAATC
anti-human CD223 (LAG-3),11C3C65,CATTTGTCTGCCGGT
anti-human KLRG1 (MAFA),SA231A2,CTTATTTCCTGCCCT
anti-human CD27,O323,GCACTCCTGCATGTA
anti-human CD107a (LAMP-1),H4A3,CAGCCCACTGCAATA
anti-human CD95 (Fas),DX2,CCAGCTCATTAGAGC
anti-human HLA-DR,L243,AATAGCGAGCAAGTA
anti-human CD1c,L161,GAGCTACTTCACTCG
anti-human CD64,10.1,AAGTATGCCCTACGA
anti-human CD141 (Thrombomodulin),M80,GGATAACCGCGCTTT
anti-human CD1d,51.1,TCGAGTCGCTTATCA
anti-human CD314 (NKG2D),1D11,CGTGTTTGTTCCTCA
anti-human CD66b,6/40c,AGCTGTAAGTTTCGG
anti-human CD35,E11,ACTTCCGTCGATCTT
anti-human CD57 Recombinant,QA17A04,AACTCCCTATGGAGG
anti-human CD366 (Tim-3),F38-2E2,TGTCCTACCCAACTT
anti-human CD272 (BTLA),MIH26,GTTATTGGACTAAGG
anti-human/mouse/rat CD278 (ICOS),C398.4A,CGCGCACCCATTAAA
anti-human CD58 (LFA-3),TS2/9,GTTCCTATGGACGAC
anti-human CD96 (TACTILE),NK92.39,TGGCCTATAAATGGT
anti-human CD39,A1,TTACCTGGTATCCGT
anti-human CD178 (Fas-L),NOK-1,CCGGTCCTCTGTATT
anti-human CX3CR1,K0124E1,AGTATCGTCTCTGGG
anti-human CD24,ML5,AGATTCCTTCGTGTT
anti-human CD21,Bu32,AACCTAGTAGTTCGG
anti-human CD11a,TS2/4,TATATCCTTGTGAGC
anti-human IgA,HP6123,AAGATGTCCGAGCAA
anti-human CD79b (Igβ),CB3-1,ATTCTTCAACCGAAG
anti-human CD66a/c/e,ASL-32,GGGACAGTTCGTTTC
anti-human CD244 (2B4),C1.7,TCGCTTGGATGGTAG
anti-human CD235ab,HIR2,GCTCCTTTACACGTA
anti-human CD206 (MMR),15-2,TCAGAACGTCTAACT
"anti-human CD169 (Sialoadhesin, Siglec-1)",7-239,TACTCAGCGTGTTTG
anti-human CD370 (CLEC9A/DNGR1),8F9,CTGCATTTCAGTAAG
anti-human XCR1,S15046E,AAGACGCATGTCAAC
anti-human/mouse integrin β7,FIB504,TCCTTGGATGTACCG
anti-human CD268 (BAFF-R),11C1,CGAAGTCGATCCGTA
anti-human CD54,HA58,CTGATAGACTTGAGT
anti-human CD62P (P-Selectin),AK4,CCTTCCGTATCCCTT
anti-human TCR α/β,IP26,CGTAACGTAGAGCGA
anti-human CD106,STA,TCACAGTTCCTTGGA
anti-human CD122 (IL-2Rβ),TU27,TCATTTCCTCCGATT
anti-human CD267 (TACI),1A1,AGTGATGGAGCGAAC
anti-human FcεRIα,AER-37 (CRA-1),CTCGTTTCCGTATCG
anti-human CD41,HIP8,ACGTTGTGGCCTTGT
anti-human CD137 (4-1BB),4B4-1,CAGTAAGTTCGGGAC
"anti-human CD254 (TRANCE, RANKL)",MIH24,TCCGTGTTAGTTTGT
anti-human CD163,GHI/61,GCTTCTCCTTCCTTA
anti-human CD83,HB15e,CCACTCATTTCCGGT
anti-human CD357 (GITR),108-17,ACCTTTCGACACTCG
anti-human CD309 (VEGFR2),7D4-6,TTCACGCAGTAAGAT
anti-human CD124 (IL-4Rα),G077F6,CCGTCCTGATAGATG
anti-human CD184 (CXCR4),12G5,TCAGGTCCTTTCAAC
anti-human CD2,TS1/8,TACGATTTGTCAGGG
anti-human CD226 (DNAM-1),11A8,TCTCAGTGTTTGTGG
anti-human CD29,TS2/16,GTATTCCCTCAGTCA
anti-human CD303 (BDCA-2),201A,GAGATGTCCGAATTT
anti-human CD49b,P1E6-C5,GCTTTCTTCAGTATG
anti-human CD81 (TAPA-1),5A6,GTATCCTTCCTTGGC
anti-human CD98,MEM-108,GCACCAACAGCCATT
anti-human IgG Fc,M1310G05,CTGGAGCGATTAGAA
anti-human IgD,IA6-2,CAGTCTCCGTAGAGT
anti-human CD18,TS1/18,TATTGGGACACTTCT
anti-human CD28,CD28.2,TGAGAACGACCCTAA
anti-human TSLPR (TSLP-R),1D3,CAGTCCTCTCTGTCA
anti-human CD38,HIT2,TGTACCCGCTTGTGA
anti-human CD127 (IL-7Rα),A019D5,GTGTGTTGTCCTATG
anti-human CD45,HI30,TGCAATTACCCGGAT
anti-human CD15 (SSEA-1),W6D3,TCACCAGTACCTAGT
anti-human CD22,S-HCL-1,GGGTTGTTGTCTTTG
anti-human CD71,CY1G4,CCGTGTTCCTCATTA
anti-human B7-H4,MIH43,TGTATGTCTGCCTTG
anti-human CD26,BA5b,GGTGGCTAGATAATG
anti-human CD193 (CCR3),5E8,ACCAATCCTTTCGTC
anti-human CD204,7C9C20,TAGCGAGCCAGATGT
anti-human CD144 (VE-Cadherin),BV9,TCCACTCATTCTGTA
anti-human CD1a,HI149,GATCGTGTTGTGTTA
anti-human CD304 (Neuropilin-1),12C2,GGACTAAGTTTCGTT
anti-human CD36,5-271,TTCTTTGCCTTGCCA
anti-human CD158 (KIR2DL1/S1/S3/S5),HP-MA4,TATCAACCAACGCTT
anti-mouse/human CD207,4C7,CGATTTGTATTCCCT
anti-human CD49d,9F10,CCATTCAACTTCCGG
anti-human CD73 (Ecto-5'-nucleotidase),AD2,CAGTTCCTCAGTTCG
anti-human TCR Vα7.2,3C10,TACGAGCAGTATTCA
anti-human TCR Vδ2,B6,TCAGTCAGATGGTAT
anti-human TCR Vγ9,B3,AAGTGATGGTATCTG
anti-human TCR Vα24-Jα18 (iNKT cell),6B11,AACTTCTGTGGTAGC
anti-human CD305 (LAIR1),NKTA255,ATTTCCATTCCCTGT
anti-human LOX-1,15C4,ACCCTTTACCGAATA
"anti-human CD158b (KIR2DL2/L3,  NKAT2)",DX27,GACCCGTAGTTTGAT
anti-human CD133,S16016B,GTAAGACGCCTATGC
anti-human CD209 (DC-SIGN),9E9A8,TCACTGGACACTTAA
"anti-human CD158e1 (KIR3DL1, NKB1)",DX9,GGACGCTTTCCTTGA
anti-human CD158f (KIR2DL5),UP-R1,AAAGTGATGCCACTG
anti-human CD337 (NKp30),P30-15,AAAGTCACTCTGCCG
anti-human CD336 (NKp44),P44-8,GGGCAATTAGCGAGT
anti-human CD307d (FcRL4),413D12,CGATTTGATCTGCCT
anti-human CD307e (FcRL5),509f6,TCACGCAGTCCTCAA
anti-human CD319 (CRACC),162.1,AGTATGCCATGTCTT
anti-human CD138 (Syndecan-1),DL-101,GTATAGACCAAAGCC
anti-human CD99,3B2/TA8,ACCCGTCCCTAAGAA
anti-human CLEC12A,50C1,CATTAGAGTCTGCCA
anti-Tau Phospho (Thr181),M7004D06,CTCGTTTGTAGCAAT
"anti-human CD257 (BAFF, BLYS)",1D6,CAGAGCACCCATTAA
anti-human CD94,DX22,CTTTCCGGTCCTACA
anti-human CD150 (SLAM),A12 (7D4),GTCATTGTATGTCTG
anti-human Ig light chain κ,MHK-49,AGCTCAGCCAGTATG
anti-mouse/human Mac-2 (Galectin-3),M3/38,GATGCAATTAGCCGG
anti-human CD85j (ILT2),GHI/75,CCTTGTGAGGCTATG
anti-human CD23,EBVCS-5,TCTGTATAACCGTCT
anti-human Ig light chain λ,MHL-38,CAGCCAGTAAGTCAC
anti-human HLA-A2,BB7.2,GAACATTTCCGACAA
anti-human GARP (LRRC32),7B11,AGGTATGGTAGAGTA
anti-human CD328 (Siglec-7),6-434,CTTAGCATTTCACTG
anti-human TCR Vβ13.1,H131,TTATGGACGTATGGT
anti-human CD82,ASL-24,TCCCACTTCCGCTTT
anti-human CD101 (BB27),BB27,CTACTTCCCTGTCAA
anti-human CD360 (IL-21R),4B2.9,GAGGATGATGCCATG
anti-human CD88 (C5aR),S5/1,GCCGCATGAGAAACA
anti-human HLA-F,3D11/HLA-F,GCAACTCTCCTACCT
anti-human NLRP2,8F10B51,ACGCTTGTGTTAGTT
anti-human Podocalyxin,mAb 84,GAGCCGGTATAATGC
anti-human CD224,KF29,CTGATGAGATGTCAG
anti-c-Met,12.1,GCTGCTGCGATTTGA
anti-human CD258 (LIGHT),T5-39,ACTTCCCTGTAGAAA
anti-human DR3 (TRAMP),JD3,GAGTTCCCTCAGTTC
"Mouse IgG1, κ isotype Ctrl",MOPC-21,GCCGGACGACATTAA
"Mouse IgG2a, κ isotype Ctrl",MOPC-173,CTCCTACCTAAACTG
"Mouse IgG2b, κ isotype Ctrl",MPC-11,ATATGTATCACGCGA
"Rat IgG2b, κ Isotype Ctrl",RTK4530,GATTCTTGACGACCT
